﻿<?xml version="1.0" encoding="UTF-8" standalone="yes"?>
<addon id="plugin.video.youtubelibrary" name="Youtube Library" version="0.9.7" provider-name="sleuteltje">
    <requires>
		<import addon="xbmc.python" version="2.14.0"/>
		<import addon="script.module.oauth2client" version="1.4.7"/>
		<import addon="script.module.googleapi"   version="1.4.0"/>
        <import addon="script.module.youtube.dl" version="15.1223.0" optional="false"/>
	</requires>
	<extension point="xbmc.python.pluginsource" library="addon.py">
		<provides>video</provides>
	</extension>
	<extension point="xbmc.service" library="service.py" start="login" />
	<extension point="xbmc.addon.metadata">
		<platform>all</platform>
		<summary lang="en">Youtube Library</summary>
		<summary lang="nl">Youtube Library</summary>
		<description lang="en">Allows you to add Youtube Channels / Playlists as TV shows in your Library. It will automatically add new videos as new episodes into your library, complete with metadata!</description>
		<description lang="nl">Stelt je in staat Youtube kanalen / playlists als TV Shows in je bibliotheek toe te voegen. Nieuwe videos worden automatisch als nieuwe afleveringen in de bibliotheek toegevoegd, compleet met metadata!</description>
		<license>GNU General Public License, v2</license>
		<language></language>
		<forum>http://forum.kodi.tv/showthread.php?tid=209948</forum>
		<source>https://bitbucket.org/Sleuteltje/plugin.video.youtubelibrary</source>
		<email>mailsleuteltje [at] gmail [dot] com</email>
	</extension>
</addon>
